{"cameraMode":{"drawMode":0,"name":"Shaded","section":"Shading Mode"},"sceneLighting":false,"audioPlay":false,"sceneViewState":{"showFog":true,"showMaterialUpdate":false,"showSkybox":false,"showFlares":true,"showImageEffects":true,"showParticleSystems":true},"in2DMode":false,"pivot":{"x":0.0,"y":0.9249999523162842,"z":-0.006737768650054932},"rotation":{"x":-0.015317191369831562,"y":-0.8733349442481995,"z":-0.02751925215125084,"w":0.48610034584999087},"size":1.1410987377166749,"orthographic":false}