{"cameraMode":{"drawMode":0,"name":"Shaded","section":"Shading Mode"},"sceneLighting":false,"audioPlay":false,"sceneViewState":{"showFog":true,"showMaterialUpdate":false,"showSkybox":false,"showFlares":true,"showImageEffects":true,"showParticleSystems":true},"in2DMode":false,"pivot":{"x":0.223846435546875,"y":0.465850830078125,"z":0.08380126953125},"rotation":{"x":-0.20697490870952607,"y":0.012908569537103176,"z":-0.002730666659772396,"w":-0.9782586097717285},"size":0.11402760446071625,"orthographic":true}