{"cameraMode":{"drawMode":0,"name":"Shaded","section":"Shading Mode"},"sceneLighting":false,"audioPlay":false,"sceneViewState":{"showFog":true,"showMaterialUpdate":false,"showSkybox":false,"showFlares":true,"showImageEffects":true,"showParticleSystems":true},"in2DMode":false,"pivot":{"x":-0.7383363842964172,"y":1.5002321004867554,"z":0.7438898682594299},"rotation":{"x":0.09966209530830383,"y":0.20387069880962373,"z":-0.02086758241057396,"w":0.973689615726471},"size":1.8646444082260132,"orthographic":true}