{"cameraMode":{"drawMode":0,"name":"Shaded","section":"Shading Mode"},"sceneLighting":false,"audioPlay":false,"sceneViewState":{"showFog":true,"showMaterialUpdate":false,"showSkybox":false,"showFlares":true,"showImageEffects":true,"showParticleSystems":true},"in2DMode":false,"pivot":{"x":0.010671645402908326,"y":0.4744023084640503,"z":-0.024747930467128755},"rotation":{"x":0.09966209530830383,"y":0.20387069880962373,"z":-0.02086758241057396,"w":0.973689615726471},"size":0.5573094487190247,"orthographic":true}