{"cameraMode":{"drawMode":0,"name":"Shaded","section":"Shading Mode"},"sceneLighting":true,"audioPlay":false,"sceneViewState":{"showFog":true,"showMaterialUpdate":false,"showSkybox":true,"showFlares":true,"showImageEffects":true,"showParticleSystems":true},"in2DMode":false,"pivot":{"x":-4.194895267486572,"y":0.9602862596511841,"z":-3.2383267879486086},"rotation":{"x":0.031212415546178819,"y":-0.9002820253372192,"z":0.06546904891729355,"w":0.4292239248752594},"size":0.4618726372718811,"orthographic":false}