{"cameraMode":{"drawMode":0,"name":"Shaded","section":"Shading Mode"},"sceneLighting":false,"audioPlay":false,"sceneViewState":{"showFog":true,"showMaterialUpdate":false,"showSkybox":false,"showFlares":true,"showImageEffects":true,"showParticleSystems":true},"in2DMode":false,"pivot":{"x":2.4326171875,"y":1.42913818359375,"z":-1.208251953125},"rotation":{"x":0.09966209530830383,"y":0.20387069880962373,"z":-0.02086758241057396,"w":0.973689615726471},"size":2.125000238418579,"orthographic":true}