{"cameraMode":{"drawMode":0,"name":"Shaded","section":"Shading Mode"},"sceneLighting":false,"audioPlay":false,"sceneViewState":{"showFog":true,"showMaterialUpdate":false,"showSkybox":false,"showFlares":true,"showImageEffects":true,"showParticleSystems":true},"in2DMode":false,"pivot":{"x":-1.8211669921875,"y":1.14306640625,"z":1.57958984375},"rotation":{"x":0.09966209530830383,"y":0.20387069880962373,"z":-0.02086758241057396,"w":0.973689615726471},"size":2.6274049282073976,"orthographic":true}